n_iter_,time,best_valid_loss,solver,hidden_layer_sizes,max_iter,n_iter_no_change
387,5.583116769790649,0.23589622401540122,sgd,"(10,)",1000,100
1000,11.425004720687866,0.20572842617708126,adam,"(10,)",1000,100
391,3.773128032684326,0.23293550396484938,sgd,"(20,)",1000,100
1000,14.031237363815308,0.20938580664572176,adam,"(20,)",1000,100
